[
  {
    "name": "Video-large-poster-portrait",
    "width": 300,
    "height": 448,
    "image_usage": "VideoCover",
    "type": "LargePosterPortrait"
  },
  {
    "name": "Video-large-thumbnail-portrait",
    "width": 150,
    "height": 224,
    "image_usage": "VideoCover",
    "type": "LargeThumbnailPortrait"
  },
  {
    "name": "Album-large-poster-square",
    "width": 300,
    "height": 300,
    "image_usage": "AudioCover",
    "type": "LargePosterSquare"
  },
  {
    "name": "Album-large-thumbnail-square",
    "width": 150,
    "height": 150,
    "image_usage": "AudioCover",
    "type": "LargeThumbnailSquare"
  },
  {
    "name": "Publication-large-poster-portrait",
    "width": 300,
    "height": 448,
    "image_usage": "PublicationCover",
    "type": "LargePosterPortrait"
  },
  {
    "name": "Publication-large-thumbnail-portrait",
    "width": 150,
    "height": 224,
    "image_usage": "PublicationCover",
    "type": "LargeThumbnailPortrait"
  },
  {
    "name": "Game-large-poster-square",
    "width": 300,
    "height": 300,
    "image_usage": "GameCover",
    "type": "LargePosterSquare"
  },
  {
    "name": "Game-large-thumbnail-square",
    "width": 150,
    "height": 150,
    "image_usage": "GameCover",
    "type": "LargeThumbnailSquare"
  },
  {
    "name": "ContentTypeApp-large-background-landscape-1",
    "width": 990,
    "height": 688,
    "image_usage": "AppBackground_(1)"
  },
  {
    "name": "ContentTypeApp-large-background-landscape-2-720p",
    "width": 1280,
    "height": 768,
    "image_usage": "AppBackground_(2)_720p",
    "ignore_multiplier": true
  },
  {
    "name": "ContentTypeApp-large-background-landscape-3-720p",
    "width": 1280,
    "height": 688,
    "image_usage": "AppBackground_(3)_720p",
    "ignore_multiplier": true
  },
  {
    "name": "ContentTypeApp-large-background-landscape-2-1080p",
    "width": 2730,
    "height": 1536,
    "image_usage": "AppBackground_(2)_1080p",
    "only_for_postfix": "@2x"
  },
  {
    "name": "ContentTypeApp-large-background-landscape-3-1080p",
    "width": 1365,
    "height": 688,
    "image_usage": "AppBackground_(3)_1080p",
    "only_for_postfix": "@2x"
  },
  {
    "name": "ContentMenuItem-small-icon-square",
    "width": 110,
    "height": 110,
    "image_usage": "MenuItemIcon"
  },
  {
    "name": "CustomWidgetSize-Popup",
    "width": 1120,
    "height": 606,
    "image_usage": "WidgetPopup"
  },
  {
    "name": "CustomWidgetSize-Landscape",
    "width": 2732,
    "height": 2048,
    "image_usage": "WidgetLandscape"
  },
  {
    "name": "CustomWidgetSize-Portrait",
    "width": 1080,
    "height": 1920,
    "image_usage": "WidgetPortrait"
  },
  {
    "name": "CatalogItem-catalog-details-poster",
    "width": 450,
    "height": 450,
    "image_usage": "CatalogItemImage",
    "type": "CatalogDetailsPoster"
  },
  {
    "name": "CatalogItem-catalog-details-thumbnail",
    "width": 96,
    "height": 96,
    "image_usage": "CatalogItemImage",
    "type": "CatalogDetailsThumbnail"
  },
  {
    "name": "CatalogItem-catalog-thumbnail",
    "width": 256,
    "height": 256,
    "image_usage": "CatalogItemImage",
    "type": "CatalogThumbnail"
  },
  {
    "name": "ImageReader-large-thumbnail-portrait",
    "width": 150,
    "height": 224,
    "image_usage": "ImageReaderCover",
    "type": "LargeThumbnailPortrait"
  },
  {
    "name": "ImageReader-large-poster-portrait",
    "width": 300,
    "height": 448,
    "image_usage": "ImageReaderCover",
    "type": "LargePosterPortrait"
  },
  {
    "name": "ImageReaderPage-large-poster-portrait",
    "width": 640,
    "height": 688,
    "image_usage": "ImageReaderPageImage"
  },
  {
    "name": "BroadcastMedia-poster",
    "width": 640,
    "height": 360,
    "image_usage": "BroadcastMediaCover",
    "ignore_multiplier": true,
    "extension": ".jpg",
    "generate_pkm": false,
    "type": "Poster"
  },
  {
    "name": "Theme-icon",
    "width": 301,
    "height": 76,
    "image_usage": "ThemeIcon"
  },
  {
    "name": "Theme-master-background",
    "width": 2048,
    "height": 768,
    "image_usage": "ThemeMasterBackground"
  },
  {
    "name": "Theme-popup-background",
    "width": 1280,
    "height": 768,
    "image_usage": "ThemePopupBackground"
  },
  {
    "name": "Theme-popup-background@2x",
    "width": 2730,
    "height": 1536,
    "image_usage": "ThemePopupBackground"
  },
  {
    "name": "Theme-welcome-logo",
    "width": 335,
    "height": 39,
    "image_usage": "ThemeWelcomeLogo"
  },
  {
    "name": "CabinMessage-image",
    "width": 1120,
    "height": 750,
    "image_usage": "CabinMessageImage",
    "extension": ".jpg",
    "ignore_multiplier": true
  },
  {
    "name": "Video-poster",
    "width": 750,
    "height": 1120,
    "image_usage": "VideoCover",
    "extension": ".jpg",
    "ignore_multiplier": true,
    "generate_pkm": false,
    "type": "Poster"
  },
  {
    "name": "Video-thumbnail",
    "width": 300,
    "height": 448,
    "image_usage": "VideoCover",
    "extension": ".jpg",
    "ignore_multiplier": true,
    "generate_pkm": false,
    "type": "Thumbnail"
  },
  {
    "name": "Publication-poster",
    "width": 750,
    "height": 1120,
    "image_usage": "PublicationCover",
    "extension": ".jpg",
    "ignore_multiplier": true,
    "generate_pkm": false,
    "type": "Poster"
  },
  {
    "name": "Publication-thumbnail",
    "width": 300,
    "height": 448,
    "image_usage": "PublicationCover",
    "extension": ".jpg",
    "ignore_multiplier": true,
    "generate_pkm": false,
    "type": "Thumbnail"
  },
  {
    "name": "ImageReader-poster",
    "width": 750,
    "height": 1120,
    "image_usage": "ImageReaderCover",
    "extension": ".jpg",
    "ignore_multiplier": true,
    "generate_pkm": false,
    "type": "Poster"
  },
  {
    "name": "ImageReader-thumbnail",
    "width": 300,
    "height": 448,
    "image_usage": "ImageReaderCover",
    "extension": ".jpg",
    "ignore_multiplier": true,
    "generate_pkm": false,
    "type": "Thumbnail"
  },
  {
    "name": "Album-poster",
    "width": 750,
    "height": 750,
    "image_usage": "AudioCover",
    "extension": ".jpg",
    "ignore_multiplier": true,
    "generate_pkm": false,
    "type": "Poster"
  },
  {
    "name": "Album-thumbnail",
    "width": 300,
    "height": 300,
    "image_usage": "AudioCover",
    "extension": ".jpg",
    "ignore_multiplier": true,
    "generate_pkm": false,
    "type": "Thumbnail"
  },
  {
    "name": "Game-poster",
    "width": 600,
    "height": 600,
    "image_usage": "GameCover",
    "extension": ".jpg",
    "ignore_multiplier": true,
    "generate_pkm": false,
    "type": "Poster"
  },
  {
    "name": "Game-thumbnail",
    "width": 300,
    "height": 300,
    "image_usage": "GameCover",
    "extension": ".jpg",
    "ignore_multiplier": true,
    "generate_pkm": false,
    "type": "Thumbnail"
  },
  {
    "name": "IFEOff-poster",
    "width": 1280,
    "height": 768,
    "image_usage": "IFEOffImage"
  },
  {
    "name": "IFEOff-poster@2x",
    "width": 2730,
    "height": 1536,
    "image_usage": "IFEOffImage"
  },
  {
    "name": "Homescreen-backgroundImage",
    "width": 3840,
    "height": 1512,
    "image_usage": "HomescreenBackgroundImage"
  },
  {
    "name": "BackgroundImage",
    "width": 3840,
    "height": 2160,
    "image_usage": "BackgroundImage"
  },
  {
    "name": "IfeScreen-landscape",
    "width": 2730,
    "height": 1536,
    "image_usage": "IfeScreen"
  },
  {
    "name": "IfeScreenWireless-landscape",
    "width": 2560,
    "height": 1600,
    "image_usage": "IfeScreenWireless"
  },
  {
    "name": "IfeScreenWirelessPortrait-portrait",
    "width": 1080,
    "height": 1920,
    "image_usage": "IfeScreenWirelessPortrait"
  }
]